,kepoi_name,koi_disposition,dtw_sap_flux,sap_flux_mean,sap_flux_std,sap_flux_min,sap_flux_max,dtw_sap_bkg,sap_bkg_mean,sap_bkg_std,sap_bkg_min,sap_bkg_max,dtw_pd_sap_flux,pd_sap_flux_mean,pd_sap_flux_std,pd_sap_flux_min,pd_sap_flux_max,dtw_det_sap_flux,det_sap_flux_mean,det_sap_flux_std,det_sap_flux_min,det_sap_flux_max,mom_centr1_mean,mom_centr1_std,mom_centr1_min,mom_centr1_max,mom_centr2_mean,mom_centr2_std,mom_centr2_min,mom_centr2_max,pos_corr1_mean,pos_corr1_std,pos_corr1_min,pos_corr1_max,pos_corr2_mean,pos_corr2_std,pos_corr2_min,pos_corr2_max
0,753.01,CANDIDATE,447021.169311,7168.71826172,445.189331055,5996.77246094,7949.61035156,59369.8402509,719.355712891,120.941108704,446.039520264,2327.06835938,473813.686358,9094.44726562,206.031173706,8623.13867188,9715.11816406,0.113722836148,0.999984138083,0.000770509928203,0.985638198319,1.0290137771,311.013577804,1.87360475256,307.726040679,312.624408799,990.423887246,1.77392737803,988.572714135,992.750857192,-2.14579606056,25.8153553009,-313.590393066,0.0809778422117,-6.80438232422,81.9553756714,-993.573730469,0.164597734809
1,754.01,CANDIDATE,588094.240371,6479.11474609,505.689178467,5271.30712891,7513.38720703,65419.5889482,611.335205078,151.375442505,271.652435303,914.327270508,700256.139115,8075.29882812,256.901153564,7541.33447266,8937.39550781,0.282884093064,0.999754189152,0.00148817370208,0.972740014931,1.07895313236,439.885005446,1.63875115361,436.667194382,441.226781484,546.486984521,1.70044885563,544.901976972,548.947253174,-3.40978264809,38.6729469299,-442.179382324,0.0417644754052,-4.2188243866,47.8506622314,-549.932739258,0.135372132063
